-- phpMyAdmin SQL Dump
-- version 4.8.5
-- https://www.phpmyadmin.net/
--
-- Servidor: 127.0.0.1
-- Tiempo de generación: 02-02-2020 a las 20:05:37
-- Versión del servidor: 10.1.38-MariaDB
-- Versión de PHP: 7.3.2

SET SQL_MODE = "NO_AUTO_VALUE_ON_ZERO";
SET AUTOCOMMIT = 0;
START TRANSACTION;
SET time_zone = "+00:00";


/*!40101 SET @OLD_CHARACTER_SET_CLIENT=@@CHARACTER_SET_CLIENT */;
/*!40101 SET @OLD_CHARACTER_SET_RESULTS=@@CHARACTER_SET_RESULTS */;
/*!40101 SET @OLD_COLLATION_CONNECTION=@@COLLATION_CONNECTION */;
/*!40101 SET NAMES utf8mb4 */;

--
-- Base de datos: `sbrp`
--

-- --------------------------------------------------------

--
-- Estructura de tabla para la tabla `albaranes_compra`
--

CREATE TABLE `albaranes_compra` (
  `ID` int(11) NOT NULL,
  `ID_SERIE` int(11) NOT NULL,
  `ID_PROVEEDOR` int(11) DEFAULT NULL,
  `FECHA` date DEFAULT NULL,
  `ID_ALBARAN_PROVEEDOR` varchar(20) DEFAULT NULL,
  `ID_METODO_PAGO` int(11) DEFAULT NULL,
  `DESCUENTO_GENERAL` decimal(6,3) DEFAULT NULL,
  `ID_SERIE_FACTURA` int(11) DEFAULT NULL,
  `ID_FACTURA` int(11) DEFAULT NULL
) ENGINE=InnoDB DEFAULT CHARSET=latin1;

--
-- Volcado de datos para la tabla `albaranes_compra`
--

INSERT INTO `albaranes_compra` (`ID`, `ID_SERIE`, `ID_PROVEEDOR`, `FECHA`, `ID_ALBARAN_PROVEEDOR`, `ID_METODO_PAGO`, `DESCUENTO_GENERAL`, `ID_SERIE_FACTURA`, `ID_FACTURA`) VALUES
(1, 1, 1, '2019-09-12', '123123123', 2, NULL, NULL, NULL),
(2, 1, 1, '2019-02-02', '0vacwvo', 1, '20.000', 1, 1),
(3, 1, 1, '2019-10-06', 'aaaaaaa', 2, '0.000', 1, 1),
(6, 1, 1, '2019-07-19', '5emtxmy', 2, '63.950', 1, 1),
(10, 1, 1, '2019-11-09', '0vacwvo', 2, '86.640', 1, 1),
(1, 2, 1, '2019-09-03', '0vacwvo', 2, '86.640', NULL, NULL),
(2, 2, 1, '2019-09-03', '0vacwvo', 2, '86.640', NULL, NULL);

--
-- Disparadores `albaranes_compra`
--
DELIMITER $$
CREATE TRIGGER `del_regs_compra` BEFORE DELETE ON `albaranes_compra` FOR EACH ROW DELETE FROM registros_albaran_compra WHERE  id_serie_albaran = OLD.id_serie AND id_albaran = OLD.id
$$
DELIMITER ;

-- --------------------------------------------------------

--
-- Estructura de tabla para la tabla `albaranes_venta`
--

CREATE TABLE `albaranes_venta` (
  `ID` int(11) NOT NULL,
  `ID_SERIE` int(11) NOT NULL,
  `ID_CLIENTE` int(11) DEFAULT NULL,
  `ID_METODO_PAGO` int(11) DEFAULT NULL,
  `FECHA` date DEFAULT NULL,
  `DESCUENTO_GENERAL` decimal(5,2) DEFAULT NULL,
  `ID_SERIE_FACTURA` int(11) DEFAULT NULL,
  `ID_FACTURA` int(11) DEFAULT NULL
) ENGINE=InnoDB DEFAULT CHARSET=latin1;

--
-- Volcado de datos para la tabla `albaranes_venta`
--

INSERT INTO `albaranes_venta` (`ID`, `ID_SERIE`, `ID_CLIENTE`, `ID_METODO_PAGO`, `FECHA`, `DESCUENTO_GENERAL`, `ID_SERIE_FACTURA`, `ID_FACTURA`) VALUES
(1, 1, 1, 2, '2019-11-12', '20.00', 1, 1),
(1, 2, 1, 2, '2019-11-12', '9.99', NULL, NULL),
(2, 1, 1, 1, '2019-10-16', '12.00', 1, 1),
(3, 1, 2, 2, '2019-09-12', '11.00', 1, 1);

--
-- Disparadores `albaranes_venta`
--
DELIMITER $$
CREATE TRIGGER `del_regs_venta` BEFORE DELETE ON `albaranes_venta` FOR EACH ROW DELETE FROM registros_albaran_venta WHERE  id_serie_albaran = OLD.id_serie AND id_albaran = OLD.id
$$
DELIMITER ;

-- --------------------------------------------------------

--
-- Estructura de tabla para la tabla `articulos`
--

CREATE TABLE `articulos` (
  `ID` int(11) NOT NULL,
  `NOMBRE` varchar(50) DEFAULT NULL,
  `DESCRIPCION` varchar(100) DEFAULT NULL,
  `ID_CATEGORIA` int(11) DEFAULT NULL,
  `ID_PROVEEDOR` int(11) DEFAULT NULL,
  `CANTIDAD_MASTER` decimal(5,2) DEFAULT NULL,
  `IVA` decimal(5,2) DEFAULT NULL,
  `COSTE_ANTERIOR` decimal(8,3) DEFAULT '0.000',
  `COSTE` decimal(8,3) DEFAULT NULL,
  `PVP_DETALLE` decimal(8,3) DEFAULT NULL,
  `PVP_MAYOR` decimal(8,3) DEFAULT NULL
) ENGINE=InnoDB DEFAULT CHARSET=latin1;

--
-- Volcado de datos para la tabla `articulos`
--

INSERT INTO `articulos` (`ID`, `NOMBRE`, `DESCRIPCION`, `ID_CATEGORIA`, `ID_PROVEEDOR`, `CANTIDAD_MASTER`, `IVA`, `COSTE_ANTERIOR`, `COSTE`, `PVP_DETALLE`, `PVP_MAYOR`) VALUES
(1, 'cocacola', 'cocacola lata 33cl', 1, 1, '0.00', '10.00', '872.000', '0.690', '2.000', '2.000'),
(2, 'fanta', 'fanta lata 33cl', 1, 1, '0.00', '10.00', '4.000', '0.700', '2.000', '2.000'),
(3, 'Makers Mark', 'Makers mark 0,70L', 2, 5, '1.00', '21.00', '3.000', '7.000', '12.000', '12.000'),
(4, 'MORTIZ limon', '1 BOTELLIN DE PACK DE 6 MORTIZ', 1, 5, '0.00', '21.00', '0.550', '0.600', '2.000', '2.000'),
(5, 'Ron barcelo', 'Ron barcelo 0.70L', 2, 5, '1.00', '21.00', '11.000', '9.000', '13.000', '13.000'),
(6, 'Jack daniels', 'Jack daniels 1L', 2, 5, '1.00', '21.00', '123.000', '6.000', '9.000', '9.000'),
(7, 'MORTIZ 0,0', '1 BOTELLIN DE PACK DE 6 MORTIZ', 1, 5, '12.00', '21.00', '0.000', '1.000', '2.000', '2.000'),
(8, 'budweiser', 'budweiser 33cl', 2, 5, '0.00', '21.00', '0.000', '0.600', '2.000', '1.900');

--
-- Disparadores `articulos`
--
DELIMITER $$
CREATE TRIGGER `set_precio_anterior` BEFORE UPDATE ON `articulos` FOR EACH ROW BEGIN
	IF (NEW.COSTE <> OLD.COSTE) THEN
    SET NEW.coste_anterior = OLD.coste;
    END IF;
END
$$
DELIMITER ;

-- --------------------------------------------------------

--
-- Estructura de tabla para la tabla `categorias`
--

CREATE TABLE `categorias` (
  `ID` int(11) NOT NULL,
  `NOMBRE` varchar(50) DEFAULT NULL,
  `DESCRIPCION` varchar(100) DEFAULT NULL,
  `IVA_POR_DEFECTO` decimal(5,2) DEFAULT NULL
) ENGINE=InnoDB DEFAULT CHARSET=latin1;

--
-- Volcado de datos para la tabla `categorias`
--

INSERT INTO `categorias` (`ID`, `NOMBRE`, `DESCRIPCION`, `IVA_POR_DEFECTO`) VALUES
(1, 'Bebidas', 'Bebidas  / refrescos', '10.00'),
(2, 'bebidas alcoholicas', 'bebidas / refrescos con alcohol', '21.00'),
(3, 'Lacteos', 'Bebidas que incluyen leche', '4.00');

-- --------------------------------------------------------

--
-- Estructura de tabla para la tabla `clientes`
--

CREATE TABLE `clientes` (
  `ID` int(11) NOT NULL,
  `NOMBRE_COMERCIAL` varchar(50) DEFAULT NULL,
  `CIF` varchar(10) DEFAULT NULL,
  `PERSONA_CONTACTO` varchar(50) DEFAULT NULL,
  `DIRECCION` varchar(50) DEFAULT NULL,
  `TELEFONO` varchar(20) DEFAULT NULL,
  `FAX` varchar(20) DEFAULT NULL,
  `PRECIO_ALBARAN` tinyint(1) DEFAULT '0',
  `FACTURA_AUTOMATICA` tinyint(1) DEFAULT '0',
  `ID_METODO_PAGO` int(11) DEFAULT NULL,
  `CUENTA_BANCARIA` varchar(30) DEFAULT NULL,
  `SITIO_WEB` varchar(30) DEFAULT NULL,
  `EMAIL` varchar(30) DEFAULT NULL,
  `FECHA_NACIMIENTO` date DEFAULT NULL,
  `FECHA_CAPTACION` date DEFAULT NULL,
  `DESCUENTO` decimal(5,2) DEFAULT NULL,
  `INFORMACION_ADICIONAL` varchar(100) DEFAULT NULL
) ENGINE=InnoDB DEFAULT CHARSET=latin1;

--
-- Volcado de datos para la tabla `clientes`
--

INSERT INTO `clientes` (`ID`, `NOMBRE_COMERCIAL`, `CIF`, `PERSONA_CONTACTO`, `DIRECCION`, `TELEFONO`, `FAX`, `PRECIO_ALBARAN`, `FACTURA_AUTOMATICA`, `ID_METODO_PAGO`, `CUENTA_BANCARIA`, `SITIO_WEB`, `EMAIL`, `FECHA_NACIMIENTO`, `FECHA_CAPTACION`, `DESCUENTO`, `INFORMACION_ADICIONAL`) VALUES
(1, 'PEDRO JOSE S.L.', '1231231-Z', 'PEDRO JOSE', 'C/ CORSEGA 2', '123456789', '123456799', 1, 0, 1, '12312312323SDA', 'www.pedrojose.com', 'helllloo@pedrojose.com', '1990-09-08', '2019-04-11', '0.00', 'Sin deudas.'),
(2, 'TIENDAS DE JUEGUETES S.L.', 'X-1234232', 'Manuel encargado', 'Av. Mare de deu de montserrat, 11', '939990045', '939990046', 0, 1, 1, '123123123-1aaa', 'www.juguetes.com', 'compra@juguetes.com', '1980-09-08', '2019-03-28', '0.00', 'Compra para consumo propio'),
(3, 'Bar industria', '1111222-X', 'Lucia encargada.', 'c/ industria 11', '98765421', '98765422', 0, 1, 1, 'ninguna', 'www.barindustria.com', 'bar@barindustria.com', '1993-09-01', '2019-02-14', '0.00', 'Compra alcohol-');

-- --------------------------------------------------------

--
-- Estructura de tabla para la tabla `empresas`
--

CREATE TABLE `empresas` (
  `id` int(2) UNSIGNED NOT NULL,
  `CIF` varchar(10) DEFAULT NULL,
  `NOMBRE_COMERCIAL` varchar(50) DEFAULT NULL,
  `NOMBRE` varchar(50) DEFAULT NULL,
  `DIRECCION` varchar(50) DEFAULT NULL,
  `TELEFONO` varchar(10) DEFAULT NULL,
  `FAX` varchar(50) DEFAULT NULL,
  `EMAIL` varchar(30) DEFAULT NULL,
  `SITIO_WEB` varchar(30) DEFAULT NULL
) ENGINE=InnoDB DEFAULT CHARSET=latin1;

--
-- Volcado de datos para la tabla `empresas`
--

INSERT INTO `empresas` (`id`, `CIF`, `NOMBRE_COMERCIAL`, `NOMBRE`, `DIRECCION`, `TELEFONO`, `FAX`, `EMAIL`, `SITIO_WEB`) VALUES
(1, 'B-123456X', 'EJEMPLO_EMPRESA', 'EMPRESA1', 'calle ejemplo 123, barcelona', '903 222 33', '903 222 334', 'ejemplo@empresa.com', 'empresa.com');

-- --------------------------------------------------------

--
-- Estructura de tabla para la tabla `facturas_compra`
--

CREATE TABLE `facturas_compra` (
  `ID` int(11) NOT NULL,
  `ID_SERIE` int(11) NOT NULL,
  `ID_PROVEEDOR` int(11) NOT NULL,
  `FECHA` date NOT NULL,
  `ID_FACTURA_PROVEEDOR` varchar(20) DEFAULT NULL,
  `ID_METODO_PAGO` int(11) DEFAULT NULL,
  `DESCUENTO_GENERAL` decimal(5,2) DEFAULT NULL
) ENGINE=InnoDB DEFAULT CHARSET=latin1;

--
-- Volcado de datos para la tabla `facturas_compra`
--

INSERT INTO `facturas_compra` (`ID`, `ID_SERIE`, `ID_PROVEEDOR`, `FECHA`, `ID_FACTURA_PROVEEDOR`, `ID_METODO_PAGO`, `DESCUENTO_GENERAL`) VALUES
(1, 1, 2, '2020-02-07', 'aaaaaaa', 2, '0.00'),
(2, 1, 1, '2019-06-06', '12312asdfsdf', 1, NULL);

--
-- Disparadores `facturas_compra`
--
DELIMITER $$
CREATE TRIGGER `unlink_alb_compra` BEFORE UPDATE ON `facturas_compra` FOR EACH ROW UPDATE albaranes_compra SET id_serie_factura = null, id_factura = null 
WHERE id_serie_factura = OLD.id_serie AND id_factura = OLD.id
$$
DELIMITER ;

-- --------------------------------------------------------

--
-- Estructura de tabla para la tabla `facturas_venta`
--

CREATE TABLE `facturas_venta` (
  `ID` int(11) NOT NULL,
  `ID_SERIE` int(11) NOT NULL,
  `ID_CLIENTE` int(11) NOT NULL,
  `FECHA` date DEFAULT NULL,
  `ID_METODO_PAGO` int(11) DEFAULT NULL,
  `DESCUENTO_GENERAL` decimal(5,2) DEFAULT NULL
) ENGINE=InnoDB DEFAULT CHARSET=latin1;

--
-- Volcado de datos para la tabla `facturas_venta`
--

INSERT INTO `facturas_venta` (`ID`, `ID_SERIE`, `ID_CLIENTE`, `FECHA`, `ID_METODO_PAGO`, `DESCUENTO_GENERAL`) VALUES
(1, 1, 2, '2019-11-27', 2, '20.00'),
(2, 1, 3, '2019-10-24', 1, '30.00');

--
-- Disparadores `facturas_venta`
--
DELIMITER $$
CREATE TRIGGER `unlink_alb_venta` BEFORE UPDATE ON `facturas_venta` FOR EACH ROW UPDATE albaranes_venta SET id_serie_factura = null, id_factura = null 
WHERE id_serie_factura = OLD.id_serie AND id_factura = OLD.id
$$
DELIMITER ;

-- --------------------------------------------------------

--
-- Estructura de tabla para la tabla `global_settings`
--

CREATE TABLE `global_settings` (
  `serie_actual` int(11) DEFAULT NULL,
  `logo` blob
) ENGINE=InnoDB DEFAULT CHARSET=latin1;

--
-- Volcado de datos para la tabla `global_settings`
--

INSERT INTO `global_settings` (`serie_actual`, `logo`) VALUES
(1, 0x6956424f5277304b47676f414141414e5355684555674141415138414141423143415941414142513457517441414141426d4a4c523051412f77442f41502b6776616554414141414233524a5455554832516749436763776143366e314141414631524a52454655654a7a746e5865345663573177482b33414b49676169675752434e327852676c714568556943574335576c6943625a6f66444761694a39525034324a356145766c7278596e7a33356e695850764b6752572b7859414b4e4955536b43696756466c4b6f6743467a4b65582b7366584c326e6233324f62756464752f3666642f2b37726d7a5a39624d626d7650724c566d4e686a74695546417a746c757232714c6a4c716c73646f4e4d41796a506d6d4f735039633447696769374f7666316c615a4268474a526b45334f536b7a515675414d596b46626f684d4a70674e7a652f476657484456734d6c32486f7a2f6336344c78694259734e572f3445444d6d6f67595a683142654e774933416b635579614277472f4b51634c54494d6f32356f5148716d6e625764595461505335533075634145594730323754494d6f77623448486a592b3930564741783038753376445a774d33424e465745396750613348507838534e4a67613959665a504978532f49446750544a617936674e5737365064466638504163737a374342686d48554a714f42723579302f59416d4e364f6d50486f72615a396b30436a444d4f71443935332f4f775066636a4e70796b4d7a6a697a4e6f6b57475964514671355730376d354331416854692b73776a505a4e7047474c59526847535578354749615243464d65686d456b777053485952694a4d4f56684745596954486b596870454955783647595354436c49646847496b6f745a4a595062456273415051782f762f4332516d3848686b595a4e793051315a565731624a416f76427977435067596d4173764b5748637473546e775865513862497a4d766c364568447050516f39617a4a4b4f587630374939656847566a73315438422b4b624d396273304158743637656e707457383538426e77466a436e7775334a4845313564464c5371736c447a762b6641426436767875425833686276354479437a305a4934454647625670512b41553442686b436e50486b487774774576414b4f4142594756473964634b505948546b575571397947384a2f733138417a77435042335a4e5a32566778456c736f386776435a333675382b6d38475876576c64796334713367796347324b3968774b6e4941736f744f6a534c3670774f5041766341484b6571724b6134684f435833374371327832334c46432b39442f434b736a39736d7738636e4c49747a63435a774c7759396561337563415a4b47472b465353724b666c64674d7351705244335045774666706a6d49447836416663545844366931505a33436739314832582f55776e6273792f7763737932354a41653253306f63306571794269433764776a537348626c49496e6c36654e6b64435552322f6755325666715730463070564d516b2f676e776e71644c65784648386a6c5a4d736c4d667579506f7561632f44413841474359396a4944496b53567233584b536e6d6f58796141442b6b2f684b7a4e30575554764c666a3542734832446f68533852796c3465486e6147416d334c523868436b5337414f7443307633624c4f4c6265766f685939525373746354375362366b504268566a6c4a717a7947496a6163557363583554726b454758634b2b597844435a616a36645547785969443273613562456830704f4a637178527a6b6b4c4d6753764e7663526246736b7866616b556e4448387251784571564f2b474f49637476457939384a32413434483747506147564f696c462f623254496f386e3543726a4c7133387252436c313848345042653732386d686c353647766e564a4f3069695067556758577a7557756344316e767a4e6b626678426f6a78394554676230584b546b4165776968736a7867644e546c4c454a7647494b535869436433522b446e7749744b6d59564b576c546c30554334346c695032466a4f52497a342b6550726a686a5872304265596d466c6830647351376d346e47433749713170504a7667525846584671736b5955706a5058424f69624939454d7532572f6246694856766948674b74507276494e6f34745474775a34694d4e346e2b3447524255755552706b42584162386c5a494663683532413578555a4f65422f49355276427434494b6638586f67304644795a3466796456486c65476c4a2b4132442b69484d3835774a654b6a4256553937744968797474476c6d7155462b6c304e2f4b31385a496846336b71794b57373064774b4c454b32436843326575566574636768732b346e4f6d5664655839506f4773704352564873386f35623545686842786141542b53354756517a77557854672f704e7a564d64765141336e41307969502f756a44303065496238665a4658487275374b53444b2b7a6f69756977507a7447562b71304b3045442b4b493872557845746f466e6b2b38425a6e484b6a4c324c31466d4b7951327743325878764e306a694a764262424643706c78534b4938446c544b7241554f534e454f7253633247786e796154536a32357a755431682f4c79514f4b4b6e79304870514c3544636b3759642b76443235776e6c5a634744536e744365315248497a6546502f4d5571682b46716c33675732504b754571526355714a4d7072587959303553594932546f353750456c4a6f6a7a474b57557553396d4f546f6a4c4e75724463724b53647934536a4a6155487973796f7969504135517943796e59575a4a7976434a334c75454b746478386836435239333263342b7946644d396478624765326e4164615263347276666e46455847705558794e784630426135426a463970325a4867755a35505a5a5230584f576875544b2f494273377a62474b374a6443386a3671354c30774a473955476f44706974785379754d7570637a464b6475535278744f7059314e53735064536e766d4963625444684275425938376c6977585774766965696d4f556d52635579532f396e5a354e4761647858684d6b522f4a6a353653754d726a5630722b4b7a4e7153774d5357656d5833514a73357552724a4b6a4931774b625a74434769776765587a486c305943456c2f767a66304e32337a513655576e507a526e4a546b495877734d692f716552594768312f73464b327a5574467931496479344f327279475967625451355730703250575759782f524b797a3268796970475631486e4b4b7241374952346638374535516f557845444c5a7043657670684c4562734b57544e706273766d6e30504d4635574e574d7356714f334a64764b507336616c336c64636a446d53746e71314b515a494c544b6957746d43566236396d4d53314276474b38706162746b4b443872746e622b5834553875466d686e565033504c6874414a6c2f6b675654536d64705252386c5462755753566b43764f756b62556634334b6c4b73494b514f574761386d68476a4958566e4d39536a45724d556e58664c69426a2f617959703652746e71483872484450773379796e645432755a4c6d6e676374666d4e685276577649563450527274473272564d6733744f6d6b68766a45314b52325349665a53327378475a362f47677375386d594b2f79745373786c5a68617264327757583734537050564e555035576547656836775674335965334f486b4a6b71654e526d326f5356475875322b79506f7a724a6f7971395a4d3979734a4f6b322b52677a4549787142643542776254656d766950564e6461456b65574e45345a32513251353631475439585747387250435051395a7a2f7a55354c6c31616772477459476b49593473376357565a56744150796656574d71684c304750316b4a67414f4b64586577667474794668506e3647515163564b3757315444614545556279695246477a76484e514a584172634c335a317333344b6150634d3944347555504e746d56502f6d7849756a30495a5a573258556c6a7a7576624747374e616869635046424d2f4e6163444d2f442b757a554e62424f58556a4274564430785630724b4d65546c49535a75576f667973634e765567577864796c70347531756e397048315574484255526b594d2f39304a5331756948347865684f4d4a5a7146754b5972535366674f4364744f6a4a4e34562b34796d4d36347366324d7a5462647455467a7968707174456f495a6f73726335716f3758703649786b647953344b4e42715a45456450394d4932674636456d337957536e693374737a434b37364e5944737068646f35315a7a363565622f516e616d6749756573336234723531653646337339737945776c613051384339737441397634453534563867737a2b725457654a4f68644f594e737250382f552b5338534e446d735937575377666d4f53746c2f5a7451656a4b657868504f2f30314973466c616d6f454c497452584362366e7041563634357279304678504f366475546e32525139615764506b6a366559616445526d6c626f38514733473153776732507659694f4c527556486f67523645474462523757456c3753526b2f6b5653666b7579794644745770324e7a49354e77362b42627a747073394144744d714e397278723970344174784d4d525532696f62504362557663774235494e694673552f536c376d354955482b654778563543354556324374426b764f67545a444b495173664a36455a654661524e344877645750435a74564f49746b386d344545357864466e6473433846656c334c736b763434484943356a562b61784365576c5a5a54536c6b6932726d755667745663477131617967506b62614464594c6351622f7031452f6f7333527777496f616374435139442f637135645a53656a456d6c36376f696d4d397051325035796e6c636b6849643577314e41595176727062564f58524633314f324e76453937346367623436326a697174776a584b307037497133394f314970574975727038636836555054684379507239316b7278504e614c63763453746750555a6c6235436b353645622b68543648444a68635073494d6f3468664257764b4173374e61477679354a2f363566796e485245686b7261476931786c51654946314972767842527171555738746b432b444e36723234423162557a61756335734f6175646f43562f6a684f4c624d4f75556e47456a78352b79494b5a424b69594e3542777264426a4d78374974627a73436a6471525357437168316c6949502f2b73456735694f516278485978446a337674496e4d774753427a46766c366576694779483066577a437a464f75523876553177654c414c4d73646b504749666d595859376a5a43334a3848416a39533276345251547444564f35484a75323578744c7553432f7a64386a356542574a58566d4f33426662414d4f51535964616a366b464761356f4c75716135784b73352b48536b2f433358704c745661727a2b5957303532465853713842476d65376a2f6a4c3976564841736653316a30543246744a6a374e366567505355302f373251562f7279584c754a476b524f7035564875567348706841544a56504c385154464c79442b76425a44653571354b386939674d6e6b7370707756785335364750754f3547424f526e7354484b656f6641337966394e6367682f536154695439334b664a79466633586b347070324b59386f684f2f7073614134692f4467524944454e2f344a64555a6e354f75566943424863645366796f3250574971334d48306e6d7470694f396f4775494e3746744357494548304b34346b67796248384973667663474c4d39494d4f5430354859696738543146303136754644313563342f7964355733797379456b616c4455523659587354574738482f594270796c496f4e556f78445a536254346d752f507746424a314f4152524a45636a34336d586459697435456e4575446f37595830754b35476c4a4f39415671592f4572457a7551626f4e5567332f42486b45772f2b6d6346617a4535537862344955557a58492f66463059522f78336768636a366551487078635874664e55757432547a7167593252654967683372594874546e46767478305235547177556a73776d3555646a7235527369354834774d6258616c2b4549362f516a653631472b49524f564473696174594f51637a4b41624364596c6f76453368596a50737351623074375a7848364c4e684b73594a34426e557471477431526d30423663573835323174446c4d65526a307769746168354a38425038314137725a4b577459726737565a54486b593963444f744a35766b645771626a737061615938496d4c6546714d652b4e5435767875366354597542796c70637a4b513279347735574855413970713663656b6c4e6b64696176776b304d2b506d344543635133616370444d78696c2b617966596152462b2b44572b6353505476557a67714372396733714d336776617a51505653524475506256716b7039533955774e42715165536a7566666d4868504b325231596e632b5656383850537463514357702b58315553306a3272664a35314f6454383859786a6139345a7a794153304f444f5475365050454a364433654d675564447575526b6252384362696f444a53456a787465674c4a5274474f576b6766476d445a35446773464c6c6879486546453147653179724638534c6c582b6d373053666448682b4849456e4b414c637a54417154572f4538364c646a2b75524e2b5156794d72664279484b3467786b654b4d4e652f4c6248797434444c58474d496f2f35347651503778566c4b644c4344574d61744350624b626b353765377164364b586256414b65567853684b68335a436869696b506f39626f67797a546c305a7072434c34526254325344486c4557574674314336494632366d636a334b767962595653545a6d544335676645557872726b65556664366c386b3275537751536637516d4931395577326a544e774c3868552f4e6e4564374c654132786834517468326a45704432503959793253536645486473645754523549654a685756664e52686d475952694759526947595269475952694759526947595269475952694759526947595269475952694759526947595269475952694759526947595269475952694759526947595269475952694759526947595269475952694759526a6c6f716e6144544153635154774b2b537a692f4f71334262444d4f714548594731794d654d6c674164713973636f373353574f3047474c4870537148487542476d5049777159634f572b754e7a6f4158357a4f4c766b492b5247345a6847495a6847495a6847496252506a6b45654144344346694a66446c394e484132304c6c49755437417463446277464a674766414f634a32334c34782b7746336574686b774848674c57414638415077654d5862693158385a4d425834427246702f415859746f6a38697a7a5a7735563941337831417777432f6f456338334c765743354562436246364146636a527a764d712f38474f426e694b4639653138395735575156597939674648414a38414353683837694e4834516d4363562b5962594c62586c674552363930432b4139674576416c636d366d415463677878614765397737655732653537586a5065542b324468694f34776135567641733468624d327a37474632426e4966634447486c56674958684e51377a4a6676747044796b35414864484c492f6757455035526a765479334b2f75472b325363524d47743632366a516d51444849613467634f4f665a787a6a50324b794372476763417152663458774134685a51354646466c593239594464774f64697452374f76423145526c72674375424271587349462b2b3835415867695a6a437356665445594e3077325951654669506f2f634e4438415467447542315a372b376f355a532f336c5a7344584977385549643576392f33376239617164762f594f57413134486a67634f52486c412b666237336479787748504a673349513841446b4b76516558714d716a42626d4a7a7743474143636a506144382f734f56387674524f433872675675414935487a647136762f4479666e4b544b59367058666870774c504476464a54576a55722b6f79676f77792b524e2f79523372476444627a6861395054364e37456333313535694858656968774d48412b4d4e3233587a752f6675577846756b786e65755650785a347a72662f6f6d696e7761673148715a776755384c79644d666d4574723554475977735037435072626f78507766785465644963342b2f334b597761776762502f56642f2b3651526a4e66494b5a6e464975364d716a786b55686b64354e6b556576427a775a3264664d77584675424459553548666943673176334a4d6f6a78362b737276373073666a4367456c79324172377a3862336e2f757a5141762f484a7664545a767a634635664d634d767878616162313852336e375063726a3655456836394e7946417642347858354273317a7434554c764449456e6e373056704235422f4d615254762b6e596b2f4362784b342f664b47562f5466674e44764154332f37757976366f79754f736b4c592f367530663436542f69504348786b387a68574e50716a78362b4d722f496b4c2b6d37323858774e626c3868374834574832323937654d704c2f346a694e6f6b6d354e7a6b45475871483737346c63644e49655648556c7a35477a584d4835434c74787a6f457150633168523648616445794838436852757072792f64727a77474b6557472b76595055666237623943646c6631526c6364754965322b7a74732f30306e50503351666f592f332f5a78464f75554238452b762f44724554724672534c344734444f4b5037422b2b684a55677432515956774f474246427869452b475876353076335835766951737166353872545a434f43324770366537323650527852496e484c35682b624643506c484b3357364c4648536c735859337946434f384c3449695439472b2b764f79546233667637476e4c6a462b4f3170493379635372694a576c453742335467436542377a6e3565674a62657239666a694433413051426767784e515252632f6c784775626176496b4d63674f2b4735506b384a48324e373365624e5a7132566557786d666433667378796d2f702b522b6c794c764c39316f59585546703572565053536a323455566b5a6b7234364a44312f3372364f4948745a3653776c6d59306f33557352526465417a42682b6e6461654c502b356a546f5579462b62545a322f6f4374736c78594b35364648534a367738397375614b764b49332b44615561314b4f55414e6f2b51663076663734557836366f453335544f306f72385137566c30567a52383052684258414e734131774a754b6962674b7542775a366566784b756c644575666c7276396a35473156475a7771473941556865634b55634c756772537150536437666659424e597053626a4e6738514e797970636a6e795145545939525471307a7a2f673669754c4559784375534a533249392b64413549336569417872514871516e33692f6830615174547651322f763970766433436f574858584e527578784734666c6f433963326339717138736937615473446c35544975772b4662756e6e464d62554631506349742b466771646b484957627535353577767537476547654768415835793954317455424d5468763436545052447763304e71462f714433647a697753784735445567454c30695035586e7639334c456e6749537a78453246414578636c37752f5a36474b42366a485a47507731694c724c716c65512f793059702b582f3041437245414c3648665a4e324246337a79427a72372f6434574c597a64623748585042583953757950366d304a34784a762f78776e76526c356548504963454a37513364464172445378486b305541675165357a5731325972437047396c2f76534e304f47447a6e67513351463068454a6173753379315677753143496142325050765471416a78474959626e6838372b5574634f576c38444e7743787a564271666b4d3963785a79732b774233497145616a2b4b3943353649512f4745494a4b3555306b597641327047762b48764c576d2b4474372b2f4a79672b484c6b42636a6d32427459694c2b6856675132524f7a474f496f6c794f75464a50525236364f5152374456484a49594677317946526f7938414479484264434f5148754d714a416f347a784c67783868306732386a6333516551525470636d534f795842674f792f2f417753563677786b6273353979457469466f56727577623444684a6a6b3764336a6654714d396f68335a43624d6c646b6d347a2b646a6965346e4d6f467146505449503637586e6b4f5a445734656675396a445361307354353945412f436c452f697267784a42792f524746487461323163694574324a44386d456c6a6d387034634d3236336c34745057567846596a4e2f6f7a4646796d4c63694e387a787742644a7a574b57556e513763512b456d57344d6f6a456e4166794e7673416c4b4f5a4475376a776b6e6d4163516174386f356632476a4930637432352b656a45467846463458704e577041653069744954494f666463436e58746d7757497931694a74304e4c6f786341357937504f5265325374647a7a5049756672657351672b564d762f7832456579534b385154696c75324d6e4c4e4669463369644d4c6a4f655a35396332694d4c786369677944376b55384e766c6852786a764133636978356b66656935427774377638756f6647314a3250584b7359646347576c2b4463656a75654d4e6f552f524575763152334c442b5550616479746b6f777a42716e3173525a66424f684c776a4b4369504f464d416a445a435733585647736d59346633646a644b42564964366632635362777141595268746b433070544237374b2b4754342f5a4678764535344b724b4e4d30776a46726e476772446b5564703756486f6a4c6871463376373532484c37526d4734644645304c3239475045657250616c7a55646961417a444d503546412b4c796e453077426d49463473614e4f2b6e516147503850314e6b33596438456b53624141414141456c46546b5375516d4343);

-- --------------------------------------------------------

--
-- Estructura de tabla para la tabla `metodos_pago`
--

CREATE TABLE `metodos_pago` (
  `ID` int(11) NOT NULL,
  `NOMBRE` varchar(50) DEFAULT NULL,
  `DESCRIPCION` varchar(50) DEFAULT NULL
) ENGINE=InnoDB DEFAULT CHARSET=latin1;

--
-- Volcado de datos para la tabla `metodos_pago`
--

INSERT INTO `metodos_pago` (`ID`, `NOMBRE`, `DESCRIPCION`) VALUES
(1, 'EFECTIVO', 'pago al instante.'),
(2, '30 DIAS', 'PAGO PASADOS 30 DIAS DE LA CREACIÓN DE LA FACTURA');

-- --------------------------------------------------------

--
-- Estructura de tabla para la tabla `pedidos_venta`
--

CREATE TABLE `pedidos_venta` (
  `ID_SERIE` int(11) NOT NULL,
  `ID` int(11) NOT NULL,
  `ID_CLIENTE` int(11) NOT NULL,
  `FECHA_PEDIDO` date DEFAULT NULL,
  `FECHA_ENTREGA` date DEFAULT NULL,
  `ID_SERIE_ALBARAN` int(11) DEFAULT NULL,
  `ID_ALBARAN` int(11) DEFAULT NULL
) ENGINE=InnoDB DEFAULT CHARSET=latin1;

-- --------------------------------------------------------

--
-- Estructura de tabla para la tabla `proveedores`
--

CREATE TABLE `proveedores` (
  `ID` int(11) NOT NULL,
  `NOMBRE` varchar(50) DEFAULT NULL,
  `CIF` varchar(10) DEFAULT NULL,
  `PERSONA_CONTACTO` varchar(50) DEFAULT NULL,
  `DIRECCION` varchar(50) DEFAULT NULL,
  `TELEFONO` varchar(15) DEFAULT NULL,
  `FAX` varchar(15) DEFAULT NULL,
  `ID_METODO_PAGO` int(11) DEFAULT NULL,
  `CUENTA_BANCARIA` varchar(30) DEFAULT NULL,
  `SITIO_WEB` varchar(30) DEFAULT NULL,
  `EMAIL` varchar(30) DEFAULT NULL,
  `INFORMACION_ADICIONAL` varchar(100) DEFAULT NULL
) ENGINE=InnoDB DEFAULT CHARSET=latin1;

--
-- Volcado de datos para la tabla `proveedores`
--

INSERT INTO `proveedores` (`ID`, `NOMBRE`, `CIF`, `PERSONA_CONTACTO`, `DIRECCION`, `TELEFONO`, `FAX`, `ID_METODO_PAGO`, `CUENTA_BANCARIA`, `SITIO_WEB`, `EMAIL`, `INFORMACION_ADICIONAL`) VALUES
(1, 'Cocacola', '34982384-X', 'JHONY TEST', 'COCACOLA STREET, 31', '603333123', '302840324', 1, 'asdasdasdasdstb4we5b3434', 'www.cocacola.com', 'contacto@cocacola.com', 'PROPORCIONA FANTA, NESTEA, COCACOLA'),
(2, 'Nestle', '1234567-X', 'Sr. Nestle', 'nestle st, 32', '111222333', '98492832', 1, '21398193mf932', 'www.nestle.com', 'hello@nestle.com', 'Proporciona lacteos y agua.'),
(3, 'BEZOYA S.L.', '1234561-X', 'Familia bezoya', 'bezoya st, 22 - 24', '98492831', '98492832', 1, '21398193mf932', 'www.bezoya.com', 'hello@bezoya.com', 'proporciona agua bezoya'),
(4, 'AQUARIUS S.L.', '2345678-Y', 'JOSE TEST', 'C/ MERIDIANA 122', '98492835', '98492836', 1, '123123125DSGFSF', 'www.aquarius.com', 'hello@aquarius.com', 'Entrega 2 veces por semana en barcelona.'),
(5, 'Distribuidora iberica', '9876543-x', 'Maria comercial', 'c/ Cartagena 12', '600333111', '600333112', 2, '1231231222', 'www.distiberia.com', 'hello@distiberia.com', 'Entrega todos los dias.');

-- --------------------------------------------------------

--
-- Estructura de tabla para la tabla `registros_albaran_compra`
--

CREATE TABLE `registros_albaran_compra` (
  `N` int(11) NOT NULL,
  `ID_SERIE_ALBARAN` int(11) NOT NULL,
  `ID_ALBARAN` int(11) NOT NULL,
  `ID_ARTICULO` int(11) NOT NULL,
  `NOMBRE_REGISTRO` varchar(30) DEFAULT NULL,
  `IVA` decimal(6,3) DEFAULT NULL,
  `CANTIDAD_MASTER` decimal(6,3) DEFAULT NULL,
  `PRECIO_COSTE` decimal(6,3) DEFAULT NULL,
  `DESCUENTO` decimal(6,3) DEFAULT NULL,
  `CANTIDAD` decimal(6,3) DEFAULT NULL
) ENGINE=InnoDB DEFAULT CHARSET=latin1;

--
-- Volcado de datos para la tabla `registros_albaran_compra`
--

INSERT INTO `registros_albaran_compra` (`N`, `ID_SERIE_ALBARAN`, `ID_ALBARAN`, `ID_ARTICULO`, `NOMBRE_REGISTRO`, `IVA`, `CANTIDAD_MASTER`, `PRECIO_COSTE`, `DESCUENTO`, `CANTIDAD`) VALUES
(0, 1, 1, 1, 'bbbbbbbbbbbb', '21.000', '12.000', '872.000', '0.000', '1.000'),
(1, 1, 1, 1, 'bbbbbbbbbbbb', '21.000', '12.000', '872.000', '0.000', '1.000'),
(2, 1, 1, 1, 'bbbbbbbbbbbb', '21.000', '12.000', '872.000', '0.000', '1.000'),
(0, 1, 2, 1, 'bbbbbbbbbbbb', '10.000', '12.000', '10.000', '0.000', '20.000'),
(0, 1, 3, 1, 'bbbbbbbbbbbb', '10.000', '12.000', '872.000', '0.000', '2.000'),
(1, 1, 3, 2, 'bbbbbbbbb', '10.000', '12.000', '4.000', '0.000', '2.000'),
(2, 1, 3, 3, 'sdfdsfdsfds', '10.000', '1.000', '3.000', '0.000', '2.000'),
(3, 1, 3, 1, 'bbbbbbbbbbbb', '10.000', '12.000', '872.000', '0.000', '2.000'),
(0, 2, 1, 2, 'Tbqyajqmjwe', '62.490', '56.190', '34.190', '36.690', '65.490'),
(1, 2, 1, 2, 'Tvlxwksiamy', '67.070', '19.400', '21.380', '65.120', '34.420'),
(2, 2, 1, 2, 'Bcxkfwbuocn', '87.170', '81.340', '67.010', '47.550', '12.270'),
(3, 2, 1, 2, 'Vknsrrpyrjv', '33.630', '44.100', '30.940', '3.460', '60.570'),
(4, 2, 1, 4, 'Vkoucikdrfk', '68.900', '36.810', '29.700', '56.270', '75.170'),
(5, 2, 1, 4, 'Ympkllnwddm', '31.160', '52.570', '46.350', '17.860', '40.280'),
(6, 2, 1, 3, 'Ctbhzgzpopb', '23.750', '38.950', '39.130', '95.140', '91.990'),
(7, 2, 1, 4, 'Xmlqdktbsab', '32.760', '83.910', '43.960', '2.660', '54.350'),
(8, 2, 1, 2, 'Bhjbmvfuvgz', '35.550', '92.660', '32.660', '37.470', '71.270'),
(9, 2, 1, 3, 'Zwizetgcpum', '56.710', '95.100', '5.550', '7.230', '76.490'),
(10, 2, 1, 1, 'Cbetgryfgyd', '45.470', '67.390', '35.530', '84.500', '66.400'),
(11, 2, 1, 4, 'Grjsibefdxg', '73.840', '46.060', '71.830', '50.830', '16.480'),
(12, 2, 1, 1, 'Wehassdjroo', '59.460', '75.300', '62.180', '14.580', '15.910'),
(13, 2, 1, 4, 'Ztyznadnqeb', '19.450', '27.250', '98.520', '33.850', '22.680'),
(14, 2, 1, 3, 'Hgyaejnvilu', '31.420', '2.680', '52.260', '66.670', '66.180'),
(15, 2, 1, 2, 'Nvpvzjwzlew', '84.620', '21.350', '25.750', '28.020', '60.860'),
(16, 2, 1, 4, 'Pkqlxkaewov', '99.860', '24.480', '31.370', '71.600', '96.480'),
(17, 2, 1, 1, 'Qzgbhrjtpwb', '42.170', '7.530', '97.960', '75.060', '40.380'),
(18, 2, 1, 4, 'Uugvngsrvrx', '30.320', '61.970', '74.960', '98.370', '27.030'),
(19, 2, 1, 4, 'Vaiotfqkelk', '36.700', '25.230', '4.220', '85.360', '94.630'),
(20, 2, 1, 2, 'Tbqyajqmjwe', '62.490', '56.190', '34.190', '36.690', '65.490'),
(21, 2, 1, 2, 'Tvlxwksiamy', '67.070', '19.400', '21.380', '65.120', '34.420'),
(22, 2, 1, 2, 'Bcxkfwbuocn', '87.170', '81.340', '67.010', '47.550', '12.270'),
(23, 2, 1, 2, 'Vknsrrpyrjv', '33.630', '44.100', '30.940', '3.460', '60.570'),
(24, 2, 1, 4, 'Vkoucikdrfk', '68.900', '36.810', '29.700', '56.270', '75.170'),
(25, 2, 1, 4, 'Ympkllnwddm', '31.160', '52.570', '46.350', '17.860', '40.280'),
(26, 2, 1, 3, 'Ctbhzgzpopb', '23.750', '38.950', '39.130', '95.140', '91.990'),
(27, 2, 1, 4, 'Xmlqdktbsab', '32.760', '83.910', '43.960', '2.660', '54.350'),
(28, 2, 1, 2, 'Bhjbmvfuvgz', '35.550', '92.660', '32.660', '37.470', '71.270'),
(29, 2, 1, 3, 'Zwizetgcpum', '56.710', '95.100', '5.550', '7.230', '76.490'),
(30, 2, 1, 1, 'Cbetgryfgyd', '45.470', '67.390', '35.530', '84.500', '66.400'),
(31, 2, 1, 4, 'Grjsibefdxg', '73.840', '46.060', '71.830', '50.830', '16.480'),
(32, 2, 1, 1, 'Wehassdjroo', '59.460', '75.300', '62.180', '14.580', '15.910'),
(33, 2, 1, 4, 'Ztyznadnqeb', '19.450', '27.250', '98.520', '33.850', '22.680'),
(34, 2, 1, 3, 'Hgyaejnvilu', '31.420', '2.680', '52.260', '66.670', '66.180'),
(35, 2, 1, 2, 'Nvpvzjwzlew', '84.620', '21.350', '25.750', '28.020', '60.860'),
(36, 2, 1, 4, 'Pkqlxkaewov', '99.860', '24.480', '31.370', '71.600', '96.480'),
(37, 2, 1, 1, 'Qzgbhrjtpwb', '42.170', '7.530', '97.960', '75.060', '40.380'),
(38, 2, 1, 4, 'Uugvngsrvrx', '30.320', '61.970', '74.960', '98.370', '27.030'),
(39, 2, 1, 4, 'Vaiotfqkelk', '36.700', '25.230', '4.220', '85.360', '94.630'),
(40, 2, 1, 2, 'Tbqyajqmjwe', '62.490', '56.190', '34.190', '36.690', '65.490'),
(41, 2, 1, 2, 'Tvlxwksiamy', '67.070', '19.400', '21.380', '65.120', '34.420'),
(42, 2, 1, 2, 'Bcxkfwbuocn', '87.170', '81.340', '67.010', '47.550', '12.270'),
(43, 2, 1, 2, 'Vknsrrpyrjv', '33.630', '44.100', '30.940', '3.460', '60.570'),
(44, 2, 1, 4, 'Vkoucikdrfk', '68.900', '36.810', '29.700', '56.270', '75.170'),
(45, 2, 1, 4, 'Ympkllnwddm', '31.160', '52.570', '46.350', '17.860', '40.280'),
(46, 2, 1, 3, 'Ctbhzgzpopb', '23.750', '38.950', '39.130', '95.140', '91.990'),
(47, 2, 1, 4, 'Xmlqdktbsab', '32.760', '83.910', '43.960', '2.660', '54.350'),
(48, 2, 1, 2, 'Bhjbmvfuvgz', '35.550', '92.660', '32.660', '37.470', '71.270'),
(49, 2, 1, 3, 'Zwizetgcpum', '56.710', '95.100', '5.550', '7.230', '76.490'),
(50, 2, 1, 1, 'Cbetgryfgyd', '45.470', '67.390', '35.530', '84.500', '66.400'),
(51, 2, 1, 4, 'Grjsibefdxg', '73.840', '46.060', '71.830', '50.830', '16.480'),
(52, 2, 1, 1, 'Wehassdjroo', '59.460', '75.300', '62.180', '14.580', '15.910'),
(53, 2, 1, 4, 'Ztyznadnqeb', '19.450', '27.250', '98.520', '33.850', '22.680'),
(54, 2, 1, 3, 'Hgyaejnvilu', '31.420', '2.680', '52.260', '66.670', '66.180'),
(55, 2, 1, 2, 'Nvpvzjwzlew', '84.620', '21.350', '25.750', '28.020', '60.860'),
(56, 2, 1, 4, 'Pkqlxkaewov', '99.860', '24.480', '31.370', '71.600', '96.480'),
(57, 2, 1, 1, 'Qzgbhrjtpwb', '42.170', '7.530', '97.960', '75.060', '40.380'),
(58, 2, 1, 4, 'Uugvngsrvrx', '30.320', '61.970', '74.960', '98.370', '27.030'),
(59, 2, 1, 4, 'Vaiotfqkelk', '36.700', '25.230', '4.220', '85.360', '94.630'),
(60, 2, 1, 2, 'Tbqyajqmjwe', '62.490', '56.190', '34.190', '36.690', '65.490'),
(61, 2, 1, 2, 'Tvlxwksiamy', '67.070', '19.400', '21.380', '65.120', '34.420'),
(62, 2, 1, 2, 'Bcxkfwbuocn', '87.170', '81.340', '67.010', '47.550', '12.270'),
(63, 2, 1, 2, 'Vknsrrpyrjv', '33.630', '44.100', '30.940', '3.460', '60.570'),
(64, 2, 1, 4, 'Vkoucikdrfk', '68.900', '36.810', '29.700', '56.270', '75.170'),
(65, 2, 1, 4, 'Ympkllnwddm', '31.160', '52.570', '46.350', '17.860', '40.280'),
(66, 2, 1, 3, 'Ctbhzgzpopb', '23.750', '38.950', '39.130', '95.140', '91.990'),
(67, 2, 1, 4, 'Xmlqdktbsab', '32.760', '83.910', '43.960', '2.660', '54.350'),
(68, 2, 1, 2, 'Bhjbmvfuvgz', '35.550', '92.660', '32.660', '37.470', '71.270'),
(69, 2, 1, 3, 'Zwizetgcpum', '56.710', '95.100', '5.550', '7.230', '76.490'),
(70, 2, 1, 1, 'Cbetgryfgyd', '45.470', '67.390', '35.530', '84.500', '66.400'),
(71, 2, 1, 4, 'Grjsibefdxg', '73.840', '46.060', '71.830', '50.830', '16.480'),
(72, 2, 1, 1, 'Wehassdjroo', '59.460', '75.300', '62.180', '14.580', '15.910'),
(73, 2, 1, 4, 'Ztyznadnqeb', '19.450', '27.250', '98.520', '33.850', '22.680'),
(74, 2, 1, 3, 'Hgyaejnvilu', '31.420', '2.680', '52.260', '66.670', '66.180'),
(0, 2, 2, 2, 'Tbqyajqmjwe', '62.490', '56.190', '34.190', '36.690', '65.490'),
(1, 2, 2, 2, 'Tvlxwksiamy', '67.070', '19.400', '21.380', '65.120', '34.420'),
(2, 2, 2, 2, 'Bcxkfwbuocn', '87.170', '81.340', '67.010', '47.550', '12.270'),
(3, 2, 2, 2, 'Vknsrrpyrjv', '33.630', '44.100', '30.940', '3.460', '60.570'),
(4, 2, 2, 4, 'Vkoucikdrfk', '68.900', '36.810', '29.700', '56.270', '75.170'),
(5, 2, 2, 4, 'Ympkllnwddm', '31.160', '52.570', '46.350', '17.860', '40.280'),
(6, 2, 2, 3, 'Ctbhzgzpopb', '23.750', '38.950', '39.130', '95.140', '91.990'),
(7, 2, 2, 4, 'Xmlqdktbsab', '32.760', '83.910', '43.960', '2.660', '54.350'),
(8, 2, 2, 2, 'Bhjbmvfuvgz', '35.550', '92.660', '32.660', '37.470', '71.270'),
(9, 2, 2, 3, 'Zwizetgcpum', '56.710', '95.100', '5.550', '7.230', '76.490'),
(10, 2, 2, 1, 'Cbetgryfgyd', '45.470', '67.390', '35.530', '84.500', '66.400'),
(11, 2, 2, 4, 'Grjsibefdxg', '73.840', '46.060', '71.830', '50.830', '16.480'),
(12, 2, 2, 1, 'Wehassdjroo', '59.460', '75.300', '62.180', '14.580', '15.910'),
(13, 2, 2, 4, 'Ztyznadnqeb', '19.450', '27.250', '98.520', '33.850', '22.680'),
(14, 2, 2, 3, 'Hgyaejnvilu', '31.420', '2.680', '52.260', '66.670', '66.180'),
(15, 2, 2, 2, 'Nvpvzjwzlew', '84.620', '21.350', '25.750', '28.020', '60.860'),
(16, 2, 2, 4, 'Pkqlxkaewov', '99.860', '24.480', '31.370', '71.600', '96.480'),
(17, 2, 2, 1, 'Qzgbhrjtpwb', '42.170', '7.530', '97.960', '75.060', '40.380'),
(18, 2, 2, 4, 'Uugvngsrvrx', '30.320', '61.970', '74.960', '98.370', '27.030'),
(19, 2, 2, 4, 'Vaiotfqkelk', '36.700', '25.230', '4.220', '85.360', '94.630'),
(20, 2, 2, 2, 'Tbqyajqmjwe', '62.490', '56.190', '34.190', '36.690', '65.490'),
(21, 2, 2, 2, 'Tvlxwksiamy', '67.070', '19.400', '21.380', '65.120', '34.420'),
(22, 2, 2, 2, 'Bcxkfwbuocn', '87.170', '81.340', '67.010', '47.550', '12.270'),
(23, 2, 2, 2, 'Vknsrrpyrjv', '33.630', '44.100', '30.940', '3.460', '60.570'),
(24, 2, 2, 4, 'Vkoucikdrfk', '68.900', '36.810', '29.700', '56.270', '75.170'),
(25, 2, 2, 4, 'Ympkllnwddm', '31.160', '52.570', '46.350', '17.860', '40.280'),
(26, 2, 2, 3, 'Ctbhzgzpopb', '23.750', '38.950', '39.130', '95.140', '91.990'),
(27, 2, 2, 4, 'Xmlqdktbsab', '32.760', '83.910', '43.960', '2.660', '54.350'),
(28, 2, 2, 2, 'Bhjbmvfuvgz', '35.550', '92.660', '32.660', '37.470', '71.270'),
(29, 2, 2, 3, 'Zwizetgcpum', '56.710', '95.100', '5.550', '7.230', '76.490'),
(30, 2, 2, 1, 'Cbetgryfgyd', '45.470', '67.390', '35.530', '84.500', '66.400'),
(31, 2, 2, 4, 'Grjsibefdxg', '73.840', '46.060', '71.830', '50.830', '16.480'),
(32, 2, 2, 1, 'Wehassdjroo', '59.460', '75.300', '62.180', '14.580', '15.910'),
(33, 2, 2, 4, 'Ztyznadnqeb', '19.450', '27.250', '98.520', '33.850', '22.680'),
(34, 2, 2, 3, 'Hgyaejnvilu', '31.420', '2.680', '52.260', '66.670', '66.180'),
(35, 2, 2, 2, 'Nvpvzjwzlew', '84.620', '21.350', '25.750', '28.020', '60.860'),
(36, 2, 2, 4, 'Pkqlxkaewov', '99.860', '24.480', '31.370', '71.600', '96.480'),
(37, 2, 2, 1, 'Qzgbhrjtpwb', '42.170', '7.530', '97.960', '75.060', '40.380'),
(38, 2, 2, 4, 'Uugvngsrvrx', '30.320', '61.970', '74.960', '98.370', '27.030'),
(39, 2, 2, 4, 'Vaiotfqkelk', '36.700', '25.230', '4.220', '85.360', '94.630'),
(40, 2, 2, 2, 'Tbqyajqmjwe', '62.490', '56.190', '34.190', '36.690', '65.490'),
(41, 2, 2, 2, 'Tvlxwksiamy', '67.070', '19.400', '21.380', '65.120', '34.420'),
(42, 2, 2, 2, 'Bcxkfwbuocn', '87.170', '81.340', '67.010', '47.550', '12.270'),
(43, 2, 2, 2, 'Vknsrrpyrjv', '33.630', '44.100', '30.940', '3.460', '60.570'),
(44, 2, 2, 4, 'Vkoucikdrfk', '68.900', '36.810', '29.700', '56.270', '75.170'),
(45, 2, 2, 4, 'Ympkllnwddm', '31.160', '52.570', '46.350', '17.860', '40.280'),
(46, 2, 2, 3, 'Ctbhzgzpopb', '23.750', '38.950', '39.130', '95.140', '91.990'),
(47, 2, 2, 4, 'Xmlqdktbsab', '32.760', '83.910', '43.960', '2.660', '54.350'),
(48, 2, 2, 2, 'Bhjbmvfuvgz', '35.550', '92.660', '32.660', '37.470', '71.270'),
(49, 2, 2, 3, 'Zwizetgcpum', '56.710', '95.100', '5.550', '7.230', '76.490'),
(50, 2, 2, 1, 'Cbetgryfgyd', '45.470', '67.390', '35.530', '84.500', '66.400'),
(51, 2, 2, 4, 'Grjsibefdxg', '73.840', '46.060', '71.830', '50.830', '16.480'),
(52, 2, 2, 1, 'Wehassdjroo', '59.460', '75.300', '62.180', '14.580', '15.910'),
(53, 2, 2, 4, 'Ztyznadnqeb', '19.450', '27.250', '98.520', '33.850', '22.680'),
(54, 2, 2, 3, 'Hgyaejnvilu', '31.420', '2.680', '52.260', '66.670', '66.180'),
(55, 2, 2, 2, 'Nvpvzjwzlew', '84.620', '21.350', '25.750', '28.020', '60.860'),
(56, 2, 2, 4, 'Pkqlxkaewov', '99.860', '24.480', '31.370', '71.600', '96.480'),
(57, 2, 2, 1, 'Qzgbhrjtpwb', '42.170', '7.530', '97.960', '75.060', '40.380'),
(58, 2, 2, 4, 'Uugvngsrvrx', '30.320', '61.970', '74.960', '98.370', '27.030'),
(59, 2, 2, 4, 'Vaiotfqkelk', '36.700', '25.230', '4.220', '85.360', '94.630'),
(60, 2, 2, 2, 'Tbqyajqmjwe', '62.490', '56.190', '34.190', '36.690', '65.490'),
(61, 2, 2, 2, 'Tvlxwksiamy', '67.070', '19.400', '21.380', '65.120', '34.420'),
(62, 2, 2, 2, 'Bcxkfwbuocn', '87.170', '81.340', '67.010', '47.550', '12.270'),
(63, 2, 2, 2, 'Vknsrrpyrjv', '33.630', '44.100', '30.940', '3.460', '60.570'),
(64, 2, 2, 4, 'Vkoucikdrfk', '68.900', '36.810', '29.700', '56.270', '75.170'),
(65, 2, 2, 4, 'Ympkllnwddm', '31.160', '52.570', '46.350', '17.860', '40.280'),
(66, 2, 2, 3, 'Ctbhzgzpopb', '23.750', '38.950', '39.130', '95.140', '91.990'),
(67, 2, 2, 4, 'Xmlqdktbsab', '32.760', '83.910', '43.960', '2.660', '54.350'),
(68, 2, 2, 2, 'Bhjbmvfuvgz', '35.550', '92.660', '32.660', '37.470', '71.270'),
(69, 2, 2, 3, 'Zwizetgcpum', '56.710', '95.100', '5.550', '7.230', '76.490'),
(70, 2, 2, 1, 'Cbetgryfgyd', '45.470', '67.390', '35.530', '84.500', '66.400'),
(71, 2, 2, 4, 'Grjsibefdxg', '73.840', '46.060', '71.830', '50.830', '16.480'),
(72, 2, 2, 1, 'Wehassdjroo', '59.460', '75.300', '62.180', '14.580', '15.910'),
(73, 2, 2, 4, 'Ztyznadnqeb', '19.450', '27.250', '98.520', '33.850', '22.680'),
(74, 2, 2, 3, 'Hgyaejnvilu', '31.420', '2.680', '52.260', '66.670', '66.180');

-- --------------------------------------------------------

--
-- Estructura de tabla para la tabla `registros_albaran_venta`
--

CREATE TABLE `registros_albaran_venta` (
  `N` int(11) NOT NULL,
  `ID_SERIE_ALBARAN` int(11) NOT NULL,
  `ID_ALBARAN` int(11) NOT NULL,
  `ID_ARTICULO` int(11) NOT NULL,
  `NOMBRE_REGISTRO` varchar(30) DEFAULT NULL,
  `IVA` decimal(5,2) DEFAULT NULL,
  `CANTIDAD_MASTER` decimal(3,2) DEFAULT NULL,
  `PRECIO_COSTE` decimal(6,3) DEFAULT NULL,
  `DESCUENTO` decimal(5,2) DEFAULT NULL,
  `CANTIDAD` decimal(6,3) DEFAULT NULL
) ENGINE=InnoDB DEFAULT CHARSET=latin1;

--
-- Volcado de datos para la tabla `registros_albaran_venta`
--

INSERT INTO `registros_albaran_venta` (`N`, `ID_SERIE_ALBARAN`, `ID_ALBARAN`, `ID_ARTICULO`, `NOMBRE_REGISTRO`, `IVA`, `CANTIDAD_MASTER`, `PRECIO_COSTE`, `DESCUENTO`, `CANTIDAD`) VALUES
(0, 1, 1, 5, '1', '10.00', '0.00', '21.000', '0.00', '4.000'),
(1, 1, 1, 5, '2', '10.00', '1.00', '21.000', '0.00', '22.000'),
(2, 1, 1, 2, '3', '21.00', '2.00', '999.999', '0.00', '22.000'),
(3, 1, 1, 1, '4', '21.00', '9.99', '872.000', '0.00', '1.000'),
(0, 1, 2, 1, '5', '21.00', '9.99', '872.000', '0.00', '1.000'),
(1, 1, 2, 1, '6', '21.00', '9.99', '872.000', '0.00', '1.000'),
(2, 1, 2, 1, '7', '21.00', '9.99', '872.000', '0.00', '2.000'),
(3, 1, 2, 2, '8', '11.00', '9.99', '4.000', '0.00', '1.000'),
(4, 1, 2, 2, '9', '11.00', '9.99', '4.000', '0.00', '1.000'),
(5, 1, 2, 2, '10', '11.00', '9.99', '4.000', '0.00', '2.000'),
(6, 1, 2, 2, '11', '11.00', '9.99', '4.000', '0.00', '12.000'),
(7, 1, 2, 2, '12', '11.00', '9.99', '4.000', '0.00', '2.000'),
(0, 1, 3, 1, '13', '21.00', '9.99', '872.000', '0.00', '2.000'),
(1, 1, 3, 1, '14', '21.00', '9.99', '872.000', '0.00', '2.000'),
(2, 1, 3, 1, '15', '21.00', '9.99', '872.000', '0.00', '2.000'),
(3, 1, 3, 1, '16', '21.00', '9.99', '872.000', '0.00', '3.000'),
(4, 1, 3, 2, '17', '11.00', '9.99', '4.000', '0.00', '3.000'),
(5, 1, 3, 1, '18', '21.00', '9.99', '872.000', '0.00', '3.000'),
(6, 1, 3, 1, '19', '21.00', '9.99', '872.000', '0.00', '3.000'),
(7, 1, 3, 2, '20', '11.00', '9.99', '4.000', '0.00', '3.000');

-- --------------------------------------------------------

--
-- Estructura de tabla para la tabla `registros_pedido_venta`
--

CREATE TABLE `registros_pedido_venta` (
  `N` int(11) NOT NULL,
  `ID_SERIE_PEDIDO` int(11) NOT NULL,
  `ID_PEDIDO` int(11) NOT NULL,
  `ID_ARTICULO` int(11) NOT NULL,
  `NOMBRE_REGISTRO` varchar(30) DEFAULT NULL,
  `CANTIDAD_MASTER` decimal(3,2) DEFAULT NULL,
  `CANTIDAD` decimal(5,3) DEFAULT NULL
) ENGINE=InnoDB DEFAULT CHARSET=latin1;

-- --------------------------------------------------------

--
-- Estructura de tabla para la tabla `series`
--

CREATE TABLE `series` (
  `ID` int(11) NOT NULL,
  `NOMBRE` varchar(50) DEFAULT NULL,
  `DESCRIPCION` varchar(100) DEFAULT NULL,
  `FECHA_DESDE` date DEFAULT NULL,
  `FECHA_HASTA` date DEFAULT NULL
) ENGINE=InnoDB DEFAULT CHARSET=latin1;

--
-- Volcado de datos para la tabla `series`
--

INSERT INTO `series` (`ID`, `NOMBRE`, `DESCRIPCION`, `FECHA_DESDE`, `FECHA_HASTA`) VALUES
(1, '2019', 'SERIE DEL AÑO 2019', '2019-01-01', '2019-12-31'),
(2, '2018', 'SERIE DEL AÑO 2018', '2018-01-01', '2018-12-31'),
(3, 'SDFSDFNUJSDFNSJDFNJSDNFSDFSDFSDF', 'DASDASD', '2019-02-02', '2019-12-30');

-- --------------------------------------------------------

--
-- Estructura de tabla para la tabla `tipos_usuario`
--

CREATE TABLE `tipos_usuario` (
  `id` int(11) NOT NULL,
  `nombre` varchar(20) DEFAULT NULL
) ENGINE=InnoDB DEFAULT CHARSET=latin1;

--
-- Volcado de datos para la tabla `tipos_usuario`
--

INSERT INTO `tipos_usuario` (`id`, `nombre`) VALUES
(1, 'admin');

-- --------------------------------------------------------

--
-- Estructura de tabla para la tabla `usuarios`
--

CREATE TABLE `usuarios` (
  `nombre` varchar(10) NOT NULL,
  `apellido` varchar(10) DEFAULT NULL,
  `contrasena` varchar(10) DEFAULT NULL,
  `id_tipo_usuario` int(11) DEFAULT NULL
) ENGINE=InnoDB DEFAULT CHARSET=latin1;

--
-- Volcado de datos para la tabla `usuarios`
--

INSERT INTO `usuarios` (`nombre`, `apellido`, `contrasena`, `id_tipo_usuario`) VALUES
('JORGE', 'ZAVALETA', 'JORGE', 1);

--
-- Índices para tablas volcadas
--

--
-- Indices de la tabla `albaranes_compra`
--
ALTER TABLE `albaranes_compra`
  ADD PRIMARY KEY (`ID_SERIE`,`ID`),
  ADD KEY `ID_PROVEEDOR` (`ID_PROVEEDOR`),
  ADD KEY `ID_METODO_PAGO` (`ID_METODO_PAGO`),
  ADD KEY `ID_FACTURA` (`ID_SERIE_FACTURA`,`ID_FACTURA`) USING BTREE;

--
-- Indices de la tabla `albaranes_venta`
--
ALTER TABLE `albaranes_venta`
  ADD PRIMARY KEY (`ID`,`ID_SERIE`),
  ADD KEY `ID_SERIE` (`ID_SERIE`),
  ADD KEY `ID_METODO_PAGO` (`ID_METODO_PAGO`),
  ADD KEY `ID_SERIE_FACTURA` (`ID_SERIE_FACTURA`,`ID_FACTURA`),
  ADD KEY `ID_CLIENTE` (`ID_CLIENTE`) USING BTREE;

--
-- Indices de la tabla `articulos`
--
ALTER TABLE `articulos`
  ADD PRIMARY KEY (`ID`),
  ADD KEY `ID_CATEGORIA` (`ID_CATEGORIA`),
  ADD KEY `ID_PROVEEDOR` (`ID_PROVEEDOR`);

--
-- Indices de la tabla `categorias`
--
ALTER TABLE `categorias`
  ADD PRIMARY KEY (`ID`);

--
-- Indices de la tabla `clientes`
--
ALTER TABLE `clientes`
  ADD PRIMARY KEY (`ID`),
  ADD KEY `ID_METODO_PAGO` (`ID_METODO_PAGO`);

--
-- Indices de la tabla `empresas`
--
ALTER TABLE `empresas`
  ADD PRIMARY KEY (`id`);

--
-- Indices de la tabla `facturas_compra`
--
ALTER TABLE `facturas_compra`
  ADD PRIMARY KEY (`ID_SERIE`,`ID`),
  ADD KEY `ID_PROVEEDOR` (`ID_PROVEEDOR`),
  ADD KEY `ID_METODO_PAGO` (`ID_METODO_PAGO`);

--
-- Indices de la tabla `facturas_venta`
--
ALTER TABLE `facturas_venta`
  ADD PRIMARY KEY (`ID`),
  ADD KEY `ID_SERIE` (`ID_SERIE`),
  ADD KEY `ID_CLIENTE` (`ID_CLIENTE`),
  ADD KEY `ID_METODO_PAGO` (`ID_METODO_PAGO`);

--
-- Indices de la tabla `global_settings`
--
ALTER TABLE `global_settings`
  ADD KEY `serie_actual` (`serie_actual`);

--
-- Indices de la tabla `metodos_pago`
--
ALTER TABLE `metodos_pago`
  ADD PRIMARY KEY (`ID`);

--
-- Indices de la tabla `pedidos_venta`
--
ALTER TABLE `pedidos_venta`
  ADD PRIMARY KEY (`ID_SERIE`,`ID`),
  ADD KEY `ID_CLIENTE` (`ID_CLIENTE`),
  ADD KEY `ID_SERIE_ALBARAN` (`ID_SERIE_ALBARAN`),
  ADD KEY `ID_ALBARAN` (`ID_ALBARAN`);

--
-- Indices de la tabla `proveedores`
--
ALTER TABLE `proveedores`
  ADD PRIMARY KEY (`ID`),
  ADD UNIQUE KEY `ID` (`ID`),
  ADD KEY `ID_METODO_PAGO` (`ID_METODO_PAGO`);

--
-- Indices de la tabla `registros_albaran_compra`
--
ALTER TABLE `registros_albaran_compra`
  ADD PRIMARY KEY (`ID_SERIE_ALBARAN`,`ID_ALBARAN`,`N`),
  ADD KEY `ID_ARTICULO` (`ID_ARTICULO`);

--
-- Indices de la tabla `registros_albaran_venta`
--
ALTER TABLE `registros_albaran_venta`
  ADD PRIMARY KEY (`ID_SERIE_ALBARAN`,`ID_ALBARAN`,`N`),
  ADD KEY `ID_ARTICULO` (`ID_ARTICULO`);

--
-- Indices de la tabla `registros_pedido_venta`
--
ALTER TABLE `registros_pedido_venta`
  ADD PRIMARY KEY (`ID_SERIE_PEDIDO`,`ID_PEDIDO`,`N`),
  ADD KEY `ID_ARTICULO` (`ID_ARTICULO`);

--
-- Indices de la tabla `series`
--
ALTER TABLE `series`
  ADD PRIMARY KEY (`ID`);

--
-- Indices de la tabla `tipos_usuario`
--
ALTER TABLE `tipos_usuario`
  ADD PRIMARY KEY (`id`);

--
-- Indices de la tabla `usuarios`
--
ALTER TABLE `usuarios`
  ADD PRIMARY KEY (`nombre`),
  ADD KEY `id_tipo_usuario` (`id_tipo_usuario`);

--
-- AUTO_INCREMENT de las tablas volcadas
--

--
-- AUTO_INCREMENT de la tabla `tipos_usuario`
--
ALTER TABLE `tipos_usuario`
  MODIFY `id` int(11) NOT NULL AUTO_INCREMENT, AUTO_INCREMENT=2;

--
-- Restricciones para tablas volcadas
--

--
-- Filtros para la tabla `albaranes_compra`
--
ALTER TABLE `albaranes_compra`
  ADD CONSTRAINT `albaranes_compra_ibfk_1` FOREIGN KEY (`ID_SERIE`) REFERENCES `series` (`ID`),
  ADD CONSTRAINT `albaranes_compra_ibfk_2` FOREIGN KEY (`ID_PROVEEDOR`) REFERENCES `proveedores` (`ID`),
  ADD CONSTRAINT `albaranes_compra_ibfk_3` FOREIGN KEY (`ID_METODO_PAGO`) REFERENCES `metodos_pago` (`ID`),
  ADD CONSTRAINT `albaranes_compra_ibfk_4` FOREIGN KEY (`ID_SERIE_FACTURA`,`ID_FACTURA`) REFERENCES `facturas_compra` (`ID_SERIE`, `ID`);

--
-- Filtros para la tabla `albaranes_venta`
--
ALTER TABLE `albaranes_venta`
  ADD CONSTRAINT `albaranes_venta_ibfk_1` FOREIGN KEY (`ID_SERIE`) REFERENCES `series` (`ID`),
  ADD CONSTRAINT `albaranes_venta_ibfk_2` FOREIGN KEY (`id_cliente`) REFERENCES `clientes` (`id`),
  ADD CONSTRAINT `albaranes_venta_ibfk_3` FOREIGN KEY (`ID_METODO_PAGO`) REFERENCES `metodos_pago` (`ID`),
  ADD CONSTRAINT `albaranes_venta_ibfk_4` FOREIGN KEY (`ID_SERIE_FACTURA`,`ID_FACTURA`) REFERENCES `facturas_venta` (`ID_SERIE`, `ID`);

--
-- Filtros para la tabla `articulos`
--
ALTER TABLE `articulos`
  ADD CONSTRAINT `articulos_ibfk_1` FOREIGN KEY (`ID_CATEGORIA`) REFERENCES `categorias` (`ID`),
  ADD CONSTRAINT `articulos_ibfk_2` FOREIGN KEY (`ID_PROVEEDOR`) REFERENCES `proveedores` (`ID`);

--
-- Filtros para la tabla `clientes`
--
ALTER TABLE `clientes`
  ADD CONSTRAINT `clientes_ibfk_1` FOREIGN KEY (`ID_METODO_PAGO`) REFERENCES `metodos_pago` (`ID`);

--
-- Filtros para la tabla `facturas_compra`
--
ALTER TABLE `facturas_compra`
  ADD CONSTRAINT `facturas_compra_ibfk_1` FOREIGN KEY (`ID_SERIE`) REFERENCES `series` (`ID`),
  ADD CONSTRAINT `facturas_compra_ibfk_2` FOREIGN KEY (`ID_PROVEEDOR`) REFERENCES `proveedores` (`ID`),
  ADD CONSTRAINT `facturas_compra_ibfk_3` FOREIGN KEY (`ID_METODO_PAGO`) REFERENCES `metodos_pago` (`ID`);

--
-- Filtros para la tabla `facturas_venta`
--
ALTER TABLE `facturas_venta`
  ADD CONSTRAINT `facturas_venta_ibfk_1` FOREIGN KEY (`ID_SERIE`) REFERENCES `series` (`ID`),
  ADD CONSTRAINT `facturas_venta_ibfk_2` FOREIGN KEY (`ID_CLIENTE`) REFERENCES `clientes` (`ID`),
  ADD CONSTRAINT `facturas_venta_ibfk_3` FOREIGN KEY (`ID_METODO_PAGO`) REFERENCES `metodos_pago` (`ID`);

--
-- Filtros para la tabla `global_settings`
--
ALTER TABLE `global_settings`
  ADD CONSTRAINT `global_settings_ibfk_1` FOREIGN KEY (`serie_actual`) REFERENCES `series` (`ID`);

--
-- Filtros para la tabla `pedidos_venta`
--
ALTER TABLE `pedidos_venta`
  ADD CONSTRAINT `pedidos_venta_ibfk_1` FOREIGN KEY (`ID_SERIE`) REFERENCES `series` (`ID`),
  ADD CONSTRAINT `pedidos_venta_ibfk_2` FOREIGN KEY (`ID_CLIENTE`) REFERENCES `clientes` (`ID`),
  ADD CONSTRAINT `pedidos_venta_ibfk_3` FOREIGN KEY (`ID_SERIE_ALBARAN`) REFERENCES `albaranes_venta` (`ID_SERIE`),
  ADD CONSTRAINT `pedidos_venta_ibfk_4` FOREIGN KEY (`ID_ALBARAN`) REFERENCES `albaranes_venta` (`ID`);

--
-- Filtros para la tabla `proveedores`
--
ALTER TABLE `proveedores`
  ADD CONSTRAINT `proveedores_ibfk_1` FOREIGN KEY (`ID_METODO_PAGO`) REFERENCES `metodos_pago` (`ID`);

--
-- Filtros para la tabla `registros_albaran_compra`
--
ALTER TABLE `registros_albaran_compra`
  ADD CONSTRAINT `registros_albaran_compra_ibfk_1` FOREIGN KEY (`ID_SERIE_ALBARAN`,`ID_ALBARAN`) REFERENCES `albaranes_compra` (`ID_SERIE`, `ID`),
  ADD CONSTRAINT `registros_albaran_compra_ibfk_2` FOREIGN KEY (`ID_ARTICULO`) REFERENCES `articulos` (`ID`);

--
-- Filtros para la tabla `registros_albaran_venta`
--
ALTER TABLE `registros_albaran_venta`
  ADD CONSTRAINT `registros_albaran_venta_ibfk_1` FOREIGN KEY (`ID_SERIE_ALBARAN`,`ID_ALBARAN`) REFERENCES `albaranes_venta` (`ID_SERIE`, `ID`),
  ADD CONSTRAINT `registros_albaran_venta_ibfk_2` FOREIGN KEY (`ID_ARTICULO`) REFERENCES `articulos` (`ID`);

--
-- Filtros para la tabla `registros_pedido_venta`
--
ALTER TABLE `registros_pedido_venta`
  ADD CONSTRAINT `registros_pedido_venta_ibfk_1` FOREIGN KEY (`ID_SERIE_PEDIDO`,`ID_PEDIDO`) REFERENCES `pedidos_venta` (`ID_SERIE`, `ID`),
  ADD CONSTRAINT `registros_pedido_venta_ibfk_2` FOREIGN KEY (`ID_ARTICULO`) REFERENCES `articulos` (`ID`);

--
-- Filtros para la tabla `usuarios`
--
ALTER TABLE `usuarios`
  ADD CONSTRAINT `usuarios_ibfk_1` FOREIGN KEY (`id_tipo_usuario`) REFERENCES `tipos_usuario` (`id`);
COMMIT;

/*!40101 SET CHARACTER_SET_CLIENT=@OLD_CHARACTER_SET_CLIENT */;
/*!40101 SET CHARACTER_SET_RESULTS=@OLD_CHARACTER_SET_RESULTS */;
/*!40101 SET COLLATION_CONNECTION=@OLD_COLLATION_CONNECTION */;
